,Member,Party Name,Constituency
0,"A. Raja,Shri",DMK,Perambalur -SC (Tamil Nadu )
1,"Aaroon Rasheed,Shri J.M.",INC,Periyakulam (Tamil Nadu )
2,"Abdullah,Shri Omar",J&KNC,Srinagar (Jammu and Kashmir )
3,"Abdullakutty,Shri A.P.",CPI(M),Cannanore (Kerala )
4,"Acharia,Shri Basudeb",CPI(M),Bankura (West Bengal )
5,"Acharya,Shri Prasanna",BJD,Sambalpur (Odisha )
6,"Adhalrao Patil, Shri Shivaji",SS,Khed (Maharashtra )
7,"Adityanath, Shri Yogi",BJP,Gorakhpur (Uttar Pradesh )
8,"Adsul, Shri Anandrao",SS,Buldhana -SC (Maharashtra )
9,"Advani, Shri Lal Krishna",BJP,Gandhinagar (Gujarat )
10,"Agarwal,Shri Dhirendra",RJD,Chatra (Jharkhand )
11,"Ahamed, Shri E.",IUML,Ponnani (Kerala )
12,"Ahir, Shri Hansraj Gangaram",BJP,Chandrapur (Maharashtra )
13,"Ahmad,Shri Ateeq",SP,Phulpur (Uttar Pradesh )
14,"Ahmad,Dr. Shakeel",INC,Madhubani (Bihar )
15,"Ahuja,Shri Govinda Arun",INC,Mumbai-North (Maharashtra )
16,"Aiyar,Shri Mani Shankar",INC,Mayiladuthurai (Tamil Nadu )
17,"Ajaya Kumar,Shri S.",CPI(M),Ottapalam -SC (Kerala )
18,"Ajgalley,Shri Guharam",BJP,Sarangarh -SC (Chhattisgarh )
19,"Ajnala,Dr. Rattan Singh",SAD,Tarn Taran (Punjab )
20,"Alemao,Shri Churchill Braz",INC,Mormugao (Goa )
21,"Ambareesh,Shri M.H.",INC,Mandya (Karnataka )
22,"Ananth Kumar, Shri",BJP,Bangalore South (Karnataka )
23,"Angadi, Shri Suresh Chanabasappa",BJP,Belgaum (Karnataka )
24,"Annayyagari,Shri Sai Prathap",INC,Rajampet (Andhra Pradesh )
25,"Ansari,Shri Furkan",INC,Godda (Jharkhand )
26,"Ansari,Shri Afzal",SP,Ghazipur (Uttar Pradesh )
27,"Antulay,Shri Abdul Rehman",INC,Kulaba (Maharashtra )
28,"Appadurai,Shri M.",CPI,Tenkasi -SC (Tamil Nadu )
29,"Argal,Shri Ashok",BJP,Morena -SC (Madhya Pradesh )
30,"Athawale,Shri Ramdas",RPI(A),Pandharpur -SC (Maharashtra )
31,"Athithan,Shri Dhanuskodi",INC,Tirunelveli (Tamil Nadu )
32,"Atwal,Shri Charnjit Singh",SAD,Phillaur -SC (Punjab )
33,"Audikesavulu,Shri D.K.",TDP,Chittoor (Andhra Pradesh )
34,"Azmi,Shri Iliyas",BSP,Shahabad (Uttar Pradesh )
35,"Baalu,Shri Thalikkottai Rajuthevar",DMK,Chennai South (Tamil Nadu )
36,"Baba,Shri K.C. Singh",INC,Nainital (Uttarakhand )
37,"Babbar,Shri Raj",SP,Agra (Uttar Pradesh )
38,"Badal,Shri Sukhbir Singh",SAD,Faridkot (Punjab )
39,"Badi,Shri Rajendra Kumar",SP,Hardwar -SC (Uttarakhand )
40,"Badiga,Shri Ramakrishna",INC,Machilipatnam (Andhra Pradesh )
41,"Baghel,Prof. S.P. Singh",SP,Jalesar (Uttar Pradesh )
42,"Bahuguna,Shri Vijay",INC,Tehri Garhwal (Uttarakhand )
43,"Bais,Shri Ramesh",BJP,Raipur (Chhattisgarh )
44,"Baitha,Shri Kailash",JD(U),Bagaha -SC (Bihar )
45,"Banerjee,Kum. Mamata",AITC,Calcutta South (West Bengal )
46,"Bangarappa,Shri S.",SP,Shimoga (Karnataka )
47,"Bangaru,Smt. Susheela Laxman",BJP,Jalore -SC (Rajasthan )
48,"Bansal,Shri Pawan Kumar",INC,Chandigarh (Chandigarh )
49,"Barad,Shri Jashubhai Dhanabhai",INC,Junagadh (Gujarat )
50,"Barman,Shri Hiten",AIFB,Cooch Behar -SC (West Bengal )
51,"Barman,Shri Ranen",RSP,Balurghat -SC (West Bengal )
52,"Barman,Prof. Basudeb",CPI(M),Mathurapur -SC (West Bengal )
53,"Barq,Shri Shafiqur Rahman",SP,Moradabad (Uttar Pradesh )
54,"Basu,Shri Anil",CPI(M),Arambagh (West Bengal )
55,"Bauri,Smt. Susmita",CPI(M),Vishnupur -SC (West Bengal )
56,"Baxla,Shri Joachim",RSP,Alipurduars -ST (West Bengal )
57,"Bellarmin,Shri A.V.",CPI(M),Nagercoil (Tamil Nadu )
58,"Bhadana,Shri Avtar Singh",INC,Faridabad (Haryana )
59,"Bhagora,Shri Mahavir",BJP,Salumber -ST (Rajasthan )
60,"Bhai Lal,Shri",BSP,Robertsganj -SC (Uttar Pradesh )
61,"Bhakta,Shri Manoranjan",INC,Andaman and Nicobar Islands (Andaman and Nicobar Islands )
62,"Bhargav,Shri Girdhari Lal",BJP,Jaipur (Rajasthan )
63,"Bhavana Gawali (Patil), Ms.",SS,Washim (Maharashtra )
64,"Bhavani Rajenthiran,Smt. M.S. K.",DMK,Ramanathapuram (Tamil Nadu )
65,"Bhuria,Shri Kantilal",INC,Jhabua -ST (Madhya Pradesh )
66,"Bisen,Shri Gauri Shankar Chaturbhuj",BJP,Balaghat (Madhya Pradesh )
67,"Bishnoi,Shri Jaswant Singh",BJP,Jodhpur (Rajasthan )
68,"Bishnoi,Shri Kuldeep",INC,Bhiwani (Haryana )
69,"Boianapalli,Shri Vinod Kumar",TRS,
70,"Borkataky,Shri Narayan Chandra",BJP,Mangaldoi (Assam )
71,"Bose,Shri Subrata",AIFB,Barasat (West Bengal )
72,"Botcha ,Dr. (Smt.) Jhansi Lakshmi",INC,Bobbili (Andhra Pradesh )
73,"Budholiya,Shri Rajnarayan",SP,Hamirpur (Uttar Pradesh )
74,"Bwiswmuthiary,Shri Sansuma Khunggur",Ind.,Kokrajhar -ST (Assam )
75,"Chakrabortty,Shri Swadesh",CPI(M),Howrah (West Bengal )
76,"Chakraborty,Dr. Sujan",CPI(M),Jadavpur (West Bengal )
77,"Chakraborty,Shri Ajay",CPI,Basirhat (West Bengal )
78,"Chalapathirao,Shri Pappala",TDP,Anakapalli (Andhra Pradesh )
79,"Chaliha,Shri Kirip",INC,Gauhati (Assam )
80,"Chandel,Shri Suresh",BJP,Hamirpur (Himachal Pradesh )
81,"Chander Kumar,Prof.",INC,Kangra (Himachal Pradesh )
82,"Chandra Shekhar,Shri",SJP(R),Ballia (Uttar Pradesh )
83,"Chandrappan,Shri C.K.",CPI,Trichur (Kerala )
84,"Channappa,Shri Kunnur Manjunath",BJP,Dharwad South (Karnataka )
85,"Charenamei,Shri Mani",Ind.,Outer Manipur -ST (Manipur )
86,"Chatterjee,Shri Santasri",CPI(M),Serampore (West Bengal )
87,"Chatterjee,Shri Somnath",,Bolpur (West Bengal )
88,"Chaubey,Shri Lalmuni",BJP,Buxar (Bihar )
89,"Chaudhary,Shri Pankaj",BJP,Maharajganj (Uttar Pradesh )
90,"Chaudhary,Dr. Tushar Amarsinh",INC,Mandvi -ST (Gujarat )
91,"Chauhan,Shri Nihal Chand",BJP,Ganganagar -SC (Rajasthan )
92,"Chauhan,Shri Nand Kumar Singh",BJP,Khandwa (Madhya Pradesh )
93,"Chaure,Shri Bapu Hari",INC,Dhule -ST (Maharashtra )
94,"Chavan,Shri Harishchandra Deoram",BJP,Malegaon -ST (Maharashtra )
95,"Chavda,Shri Harisinh Pratapsinh",INC,Banaskantha (Gujarat )
96,"Chhatwal,Shri Sartaj Singh",BJP,Hoshangabad (Madhya Pradesh )
97,"Chhewang,Shri Thupstan",Ind.,Ladakh (Jammu and Kashmir )
98,"Chidambaram,Shri Palaniappan",INC,Sivaganga (Tamil Nadu )
99,"Chinta Mohan,Dr.",INC,Tirupati -SC (Andhra Pradesh )
100,"Chitthan,Shri N.S.V.",INC,Dindigul (Tamil Nadu )
101,"Choudhary,Smt. Anuradha",RLD,Kairana (Uttar Pradesh )
102,"Choudhary,Shri Nikhil Kumar",BJP,Katihar (Bihar )
103,"Choudhury,Shri A.B.A. Ghani Khan",INC,Malda (West Bengal )
104,"Choudhury,Shri Abu Hasem Khan",INC,Malda (West Bengal )
105,"Chouhan,Shri Shivraj Singh",BJP,Vidisha (Madhya Pradesh )
106,"Chowdhury,Shri Adhir Ranjan",INC,Berhampore (West Bengal )
107,"Chowdhury,Shri Bansa Gopal",CPI(M),Asansol (West Bengal )
108,"Chowdhury,Shri Bikash",CPI(M),Asansol (West Bengal )
109,"Chowdhury,Smt. Renuka",INC,Khammam (Andhra Pradesh )
110,"Dangawas,Shri Bhanwar Singh",BJP,Nagaur (Rajasthan )
111,"Danve,Shri Raosaheb Dadarao",BJP,Jalna (Maharashtra )
112,"Darbar,Shri Chhatar Singh",BJP,Dhar -ST (Madhya Pradesh )
113,"Das,Shri Khagen",CPI(M),Tripura West (Tripura )
114,"Das,Shri Alakesh",CPI(M),Nabadwip -SC (West Bengal )
115,"Dasgupta,Shri Gurudas",CPI,Panskura (West Bengal )
116,"Dasmunsi,Shri Priya Ranjan",INC,Raiganj (West Bengal )
117,"Delkar, Shri Mohan S. ,",BNP,Dadra and Nagar Haveli -ST (Dadra and Nagar Haveli )
118,"Deo,Shri V. Kishore Chandra",INC,Parvathipuram -ST (Andhra Pradesh )
119,"Deo,Shri Bikram Keshari",BJP,Kalahandi (Odisha )
120,"Deora,Shri Milind Murli",INC,Mumbai-South (Maharashtra )
121,"Deshmukh,Shri Subhash Sureshchandra",BJP,Solapur (Maharashtra )
122,"Dev,Shri Sontosh Mohan",INC,Silchar (Assam )
123,"Devegowda,Shri H.D.",JD(S),Hassan (Karnataka )
124,"Dhanaraju,Dr. K.",PMK,Tindivanam (Tamil Nadu )
125,"Dharavath,Shri Ravinder Naik",TRS,Warangal (Andhra Pradesh )
126,"Dharmendra,Shri",BJP,Bikaner (Rajasthan )
127,"Dhillon,Shri Sharanjit Singh",SAD,Ludhiana (Punjab )
128,"Dhindsa,Shri Sukhdev Singh",SAD,Sangrur (Punjab )
129,"Dhotre,Shri Sanjay Shamrao",BJP,Akola (Maharashtra )
130,"Dhumal,Prof. Prem Kumar",BJP,Hamirpur (Himachal Pradesh )
131,"Dikshit,Shri Sandeep",INC,East Delhi (NCT of Delhi )
132,"Diler,Shri Kishan Lal",BJP,Hathras -SC (Uttar Pradesh )
133,"Dome,Dr. Ram Chandra",CPI(M),Birbhum -SC (West Bengal )
134,"Dube,Shri Ramesh",BSP,Mirzapur (Uttar Pradesh )
135,"Dubey,Shri Chandra Shekhar",INC,Dhanbad (Jharkhand )
136,"Dumpy,Shri Akbar Ahmad",BSP,Azamgarh (Uttar Pradesh )
137,"Dutt,Smt. Priya Sunil",INC,Mumbai-North-West (Maharashtra )
138,"Dutt,Shri Sunil",INC,Mumbai-North-West (Maharashtra )
139,"Elangovan,Shri E.V.K.S.",INC,Gobichettipalayam (Tamil Nadu )
140,"Engti,Shri Biren Singh",INC,Autonomous District -ST (Assam )
141,"Fanthome,Shri Francis",INC,Nominated Anglo-Indian (NCT of Delhi )
142,"Fatmi,Shri Mohmmad Ali Ashraf",RJD,Darbhanga (Bihar )
143,"Fernandes,Shri George",JD(U),Muzaffarpur (Bihar )
144,"Francis George,Shri K.",KEC,Idukki (Kerala )
145,"Gadakh,Shri Tukaram Gangadhar",NCP,Ahmednagar (Maharashtra )
146,"Gaddigoudar,Shri Parvatagouda Chandanagouda",BJP,Bagalkot (Karnataka )
147,"Gadhavi,Shri Pushpdan Shambhudan",BJP,Kutch (Gujarat )
148,"Gaikwad,Shri Eknath Mahadeo",INC,Mumbai-North-Central (Maharashtra )
149,"Gamang,Shri Giridhar",INC,Koraput -ST (Odisha )
150,"Gandhi,Smt. Maneka Sanjay",BJP,Pilibhit (Uttar Pradesh )
151,"Gandhi,Shri Rahul",INC,Amethi (Uttar Pradesh )
152,"Gandhi,Smt. Sonia",INC,Rae Bareli (Uttar Pradesh )
153,"Gandhi,Shri Pradeep",BJP,Rajnandgaon (Chhattisgarh )
154,"Ganesan,Shri L.",MDMK,Tiruchirappalli (Tamil Nadu )
155,"Gangwar,Shri Santosh Kumar",BJP,Bareilly (Uttar Pradesh )
156,"Gao,Shri Tapir",BJP,Arunachal East (Arunachal Pradesh )
157,"Gavit,Shri Manikrao Hodlya",INC,Nandurbar -ST (Maharashtra )
158,"Geete,Shri Anant Gangaram",SS,Ratnagiri (Maharashtra )
159,"Gehlot,Shri Thaawar Chand",BJP,Shajapur - SC (Madhya Pradesh )
160,"Gill,Shri Atma Singh",INC,Sirsa -SC (Haryana )
161,"Goel,Shri Surendra Prakash",INC,Hapur (Uttar Pradesh )
162,"Gogoi,Shri Dip",INC,Kaliabor (Assam )
163,"Gohain,Shri Rajen",BJP,Nawgong (Assam )
164,"Gowda,Shri Devaragunda Venkappa Sadananda",BJP,Mangalore (Karnataka )
165,"Gowda,Dr. (Smt.) Tejasvini",INC,Kanakapura (Karnataka )
166,"Gudhe,Shri Anantrao",SS,Amravati (Maharashtra )
167,"Gulshan,Smt. Paramjit Kaur",SAD,Bhatinda -SC (Punjab )
168,"Gupta,Shri Shyama Charan",SP,Banda (Uttar Pradesh )
169,"Hamza,Shri T.K.",CPI(M),Manjeri (Kerala )
170,"Handique,Shri Bijoy Krishna",INC,Jorhat (Assam )
171,"Hanumanthappa,Shri N. Y.",INC,Chitradurga (Karnataka )
172,"Harsha Kumar,Shri G.V.",INC,Amalapuram -SC (Andhra Pradesh )
173,"Hasan,Chaudhary Munawwar",SP,Muzaffarnagar (Uttar Pradesh )
174,"Hegde,Shri Anantkumar",BJP,Kanara (Karnataka )
175,"Hooda,Shri Deepender Singh",INC,Rohtak (Haryana )
176,"Hooda,Shri Bhupinder Singh",INC,Rohtak (Haryana )
177,"Hossain,Shri Abdul Mannan",INC,Murshidabad (West Bengal )
178,"Hussain,Shri Syed Shahnawaz",BJP,Bhagalpur (Bihar )
179,"Hussain,Shri Anwar",INC,Dhubri (Assam )
180,"Jadhao,Shri Prakash B.",SS,Ramtek (Maharashtra )
181,"Jagadeesan,Smt. Subbulakshmi",DMK,Tiruchengode (Tamil Nadu )
182,"Jagannath,Dr. M.",TDP,Nagarkurnool -SC (Andhra Pradesh )
183,"Jai Parkash,Shri",INC,Hisar (Haryana )
184,"Jai Prakash,Shri",SP,Mohanlalganj -SC (Uttar Pradesh )
185,"Jain,Shri Pusp",BJP,Pali (Rajasthan )
186,"Jaiswal,Shri Sriprakash",INC,Kanpur (Uttar Pradesh )
187,"Jalappa,Shri R.L.",INC,Chikkballapur (Karnataka )
188,"Jatiya,Dr. Satyanarayan",BJP,Ujjain - SC (Madhya Pradesh )
189,"Jawale,Shri Haribhau Madhav",BJP,Jalgaon (Maharashtra )
190,"Jena,Shri Mohan",BJD,Jajpur -SC (Odisha )
191,"Jha,Shri Raghunath",RJD,Bettiah (Bihar )
192,"Jigajinagi,Shri Ramesh Chandappa",BJP,Chikkodi -SC (Karnataka )
193,"Jindal,Shri Naveen",INC,Kurukshetra (Haryana )
194,"Jogaiah,Shri Chegondi Venkata Hariram",INC,Narasapur (Andhra Pradesh )
195,"Jogi,Shri Ajit",INC,Mahasamund (Chhattisgarh )
196,"Joshi,Shri Pralhad Venkatesh",BJP,Dharwad North (Karnataka )
197,"Joshi,Shri Kailash",BJP,Bhopal (Madhya Pradesh )
198,"Kader Mohideen,Shri K.M.",DMK,Vellore (Tamil Nadu )
199,"Kalmadi,Shri Suresh",INC,Pune (Maharashtra )
200,"Kamal Nath,Shri",INC,Chhindwara (Madhya Pradesh )
201,"Kamat,Shri Gurudas",INC,Mumbai-North-East (Maharashtra )
202,"Kanodia,Shri Mahesh Kumar",BJP,Patan -SC (Gujarat )
203,"Karunakaran,Shri P.",CPI(M),Kasaragod (Kerala )
204,"Kashyap,Shri Baliram",BJP,Bastar -ST (Chhattisgarh )
205,"Kaswan,Shri Ram Singh",BJP,Churu (Rajasthan )
206,"Katara,Shri Babubhai Khimabhai",BJP,Dahod -ST (Gujarat )
207,"Kathiria,Dr. Vallabhbhai",BJP,Rajkot (Gujarat )
208,"Kaur,Smt. Preneet",INC,Patiala (Punjab )
209,"Kaushal,Shri Raghuvir Singh",BJP,Kota (Rajasthan )
210,"Kerketta,Smt. Sushila",INC,Khunti -ST (Jharkhand )
211,"Khaire,Shri Chandrakant Bhaurao",SS,Aurangabad (Maharashtra )
212,"Khan,Shri Sunil",CPI(M),Durgapur -SC (West Bengal )
213,"Khan,Shri Mohammad Tahir",BSP,Sultanpur (Uttar Pradesh )
214,"Khandelwal,Shri Vijay Kumar",BJP,Betul (Madhya Pradesh )
215,"Khandelwal,Shri Hemant",BJP,Betul (Madhya Pradesh )
216,"Khanduri, Maj Gen Bhuwan Chandra AVSM (Retd.)",BJP,Garhwal (Uttarakhand )
217,"Khanna,Shri Vinod",BJP,Gurdaspur (Punjab )
218,"Khanna,Shri Avinash Rai",BJP,Hoshiarpur (Punjab )
219,"Kharventhan,Shri Salarapatty Kuppusamy",INC,Palani (Tamil Nadu )
220,"Koli,Shri Ramswaroop",BJP,Bayana -SC (Rajasthan )
221,"Konyak,Shri W. Wangyuh",NPF,Nagaland (Nagaland )
222,"Kori,Shri Radhey Shyam",SP,Ghatampur -SC (Uttar Pradesh )
223,"Koya,Dr. P. Pookunhi",JD(U),Lakshadweep -ST (Lakshadweep )
224,"Kripalani,Shri Srichand",BJP,Chittorgarh (Rajasthan )
225,"Krishnadas,Shri N.N.",CPI(M),Palghat (Kerala )
226,"Krishnan,Dr. C.",MDMK,Pollachi -SC (Tamil Nadu )
227,"Krishnaswamy,Shri A.",DMK,Sriperumbudur -SC (Tamil Nadu )
228,"Kulaste,Shri Faggan Singh",BJP,Mandla -ST (Madhya Pradesh )
229,"Kumar,Dr. Virendra",BJP,Sagar -SC (Madhya Pradesh )
230,"Kumar,Shri Shailendra",SP,Chail -SC (Uttar Pradesh )
231,"Kumar,Smt. Meira",INC,Sasaram -SC (Bihar )
232,"Kuppusami,Shri C.",DMK,Chennai North (Tamil Nadu )
233,"Kurup,Adv. Suresh",CPI(M),Kottayam (Kerala )
234,"Kushwaha,Shri Narendra Kumar",BSP,Mirzapur (Uttar Pradesh )
235,"Kusmaria,Dr. Ramkrishna",BJP,Khajuraho (Madhya Pradesh )
236,"Kyndiah,Shri Paty Ripple",INC,Shillong (Meghalaya )
237,"Lagadapati,Shri Rajagopal",INC,Vijayawada (Andhra Pradesh )
238,"Lahiri,Shri Samik",CPI(M),Diamond Harbour (West Bengal )
239,"Lal Chandra,Shri",BSP,Robertsganj -SC (Uttar Pradesh )
240,"Lalu Prasad,Shri",RJD,Chapra (Bihar )
241,"Libra,Shri Sukhdev Singh",SAD,Ropar -SC (Punjab )
242,"Maadam,Shri Vikrambhai Arjanbhai",INC,Jamnagar (Gujarat )
243,"Madhwaraj,Smt. Manorama",BJP,Udupi (Karnataka )
244,"Mahabir Prasad,Shri",INC,Bansgaon -SC (Uttar Pradesh )
245,"Mahajan,Shri Y.G.",BJP,Jalgaon (Maharashtra )
246,"Maharia,Shri Subhash",BJP,Sikar (Rajasthan )
247,"Mahato,Shri Narahari",AIFB,Purulia (West Bengal )
248,"Mahato,Shri Bir Sing",AIFB,Purulia (West Bengal )
249,"Mahato,Shri Sunil Kumar",JMM,Jamshedpur (Jharkhand )
250,"Mahato,Smt. Suman",JMM,Jamshedpur (Jharkhand )
251,"Maheshwari,Smt. Kiran",BJP,Udaipur (Rajasthan )
252,"Mahtab,Shri Bhartruhari",BJD,Cuttack (Odisha )
253,"Mahto,Shri Tek Lal",JMM,Giridih (Jharkhand )
254,"Majhi,Shri Shankhlal",SP,Akbarpur -SC (Uttar Pradesh )
255,"Majhi,Shri Parsuram",BJP,Nowrangpur -ST (Odisha )
256,"Maken,Shri Ajay",INC,New Delhi (NCT of Delhi )
257,"Malhotra,Prof. Vijay Kumar",BJP,South Delhi (NCT of Delhi )
258,"Mallikarjunaiah,Shri S.",BJP,Tumkur (Karnataka )
259,"Mandal,Shri Sanat Kumar",RSP,Joynagar -SC (West Bengal )
260,"Mandlik,Shri Sadashivrao Dadoba",NCP,Kolhapur (Maharashtra )
261,"Mane,Smt. Nivedita",NCP,Ichalkaranji (Maharashtra )
262,"Manjhi,Shri Rajesh Kumar",RJD,Gaya -SC (Bihar )
263,"Mann,Sardar Zora Singh",SAD,Ferozpur (Punjab )
264,"Manoj,Dr. K.S.",CPI(M),Alleppey (Kerala )
265,"Manoj Kumar,Shri",RJD,Palamu -SC (Jharkhand )
266,"Manvendra Singh,Shri",INC,Mathura (Uttar Pradesh )
267,"Maran,Thiru Dayanidhi",DMK,Chennai Central (Tamil Nadu )
268,"Marandi,Shri Babu Lal",Ind.,Kodarma (Jharkhand )
269,"Marndi,Shri Sudam",JMM,Mayurbhanj -ST (Odisha )
270,"Masood,Shri Rasheed",SP,Saharanpur (Uttar Pradesh )
271,"Mayawati,Kumari .",BSP,Akbarpur -SC (Uttar Pradesh )
272,"Mcleod,Smt. Ingrid",INC,Nominated Anglo-Indian (Chhattisgarh )
273,"Mediyam,Dr. Babu Rao",CPI(M),Bhadrachalam -ST (Andhra Pradesh )
274,"Meena,Shri Namo Narain",INC,Sawai Madhopur -ST (Rajasthan )
275,"Meghwal,Shri Kailash",BJP,Tonk -SC (Rajasthan )
276,"Mehta,Shri Alok Kumar",RJD,Samastipur (Bihar )
277,"Mehta,Shri Bhubneshwar Prasad",CPI,Hazaribagh (Jharkhand )
278,"Meinya,Dr. Thokchom",INC,Inner Manipur (Manipur )
279,"Mishra,Dr. Rajesh Kumar",INC,Varanasi (Uttar Pradesh )
280,"Mistry,Shri Madhusudan Devram",INC,Sabarkantha (Gujarat )
281,"Modi,Shri Sushil Kumar",BJP,Bhagalpur (Bihar )
282,"Moghe,Shri Krishna Murari",BJP,Khargone (Madhya Pradesh )
283,"Mohale,Shri Punnulal",BJP,Bilaspur -SC (Chhattisgarh )
284,"Mohite,Shri Subodh",SS,Ramtek (Maharashtra )
285,"Mollah,Shri Hannan",CPI(M),Uluberia (West Bengal )
286,"Mondal,Shri Abu Ayes",CPI(M),Katwa (West Bengal )
287,"Moorthy,Shri A.K.",PMK,Chengalpattu (Tamil Nadu )
288,"More,Shri Vasantrao J.",NCP,Erandol (Maharashtra )
289,"Mufti,Ms. Mehbooba",J&KPDP,Anantnag (Jammu and Kashmir )
290,"Mukherjee,Shri Pranab",INC,Jangipur (West Bengal )
291,"Muniyappa,Dr. K.H.",INC,Kolar -SC (Karnataka )
292,"Munshiram,Shri",RLD,Bijnor -SC (Uttar Pradesh )
293,"Muqueem,Shri Mohammed",BSP,Domariyaganj (Uttar Pradesh )
294,"Murmu,Shri Hemlal",JMM,Rajmahal -ST (Jharkhand )
295,"Murmu,Shri Rupchand",CPI(M),Jhargram -ST (West Bengal )
296,"Muttemwar,Shri Vilas Baburao",INC,Nagpur (Maharashtra )
297,"Nagpal,Shri Harish",Ind.,Amroha (Uttar Pradesh )
298,"Nahata,Smt. P. Jaya Prada",SP,Rampur (Uttar Pradesh )
299,"Naidu,Shri K.P.",TDP,Bobbili (Andhra Pradesh )
300,"Naik,Shri Shripad Yesso",BJP,Panaji (Goa )
301,"Naik,Shri A. Venkatesh",INC,Raichur (Karnataka )
302,"Nair,Shri P.K. Vasudevan",CPI,Trivandrum (Kerala )
303,"Nambadan,Shri Lonappan",CPI(M),Mukundapuram (Kerala )
304,"Nandy,Shri Amitava",CPI(M),Dum Dum (West Bengal )
305,"Narbula,Shri Dawa",INC,Darjeeling (West Bengal )
306,"Narendra,Shri Ale",TRS,Medak (Andhra Pradesh )
307,"Narhire,Smt. Kalpana Ramesh",SS,Osmanabad -SC (Maharashtra )
308,"Nayak,Smt. Archana",BJD,Kendrapara (Odisha )
309,"Nayak,Shri Ananta",BJP,Keonjhar -ST (Odisha )
310,"Nedurumalli Janardhana Reddy,Shri",INC,Visakhapatnam (Andhra Pradesh )
311,"Nikhil Kumar,Shri",INC,Aurangabad (Bihar )
312,"Nishad,Shri Mahendra Prasad",BSP,Fatehpur (Uttar Pradesh )
313,"Nitish Kumar,Shri",JD(U),Nalanda (Bihar )
314,"Nizamuddin,Shri G.",INC,Hindupur (Andhra Pradesh )
315,"Ola,Shri Sis Ram",INC,Jhunjhunu (Rajasthan )
316,"Oram,Shri Jual",BJP,Sundargarh -ST (Odisha )
317,"Oraon,Dr. Rameshwar",INC,Lohardaga -ST (Jharkhand )
318,"Osmani,Shri A.F. Golam",INC,Barpeta (Assam )
319,"Owaisi,Shri Asaduddin",AIMIM,Hyderabad (Andhra Pradesh )
320,"Pal,Shri Raja Ram",BSP,Bilhaur (Uttar Pradesh )
321,"Pal,Shri Rupchand",CPI(M),Hooghly (West Bengal )
322,"Palanimanickam,Shri S.S.",DMK,Thanjavur (Tamil Nadu )
323,"Pallani Shamy,Shri K.C .",DMK,Karur (Tamil Nadu )
324,"Panabaka,Smt. Lakshmi",INC,Nellore -SC (Andhra Pradesh )
325,"Panda,Shri Brahmananda",BJD,Jagatsinghpur (Odisha )
326,"Panda,Shri Prabodh",CPI,Midnapore (West Bengal )
327,"Pandey,Dr. Laxminarayan",BJP,Mandsour (Madhya Pradesh )
328,"Paranjpe,Shri Anand Prakash",SS,Thane (Maharashtra )
329,"Paranjpe,Shri Prakash Vishwanath",SS,Thane (Maharashtra )
330,"Paraste,Shri Dalpat Singh",BJP,Shahdol - ST (Madhya Pradesh )
331,"Paswan,Shri Virchandra",RJD,Nawada -SC (Bihar )
332,"Paswan,Shri Ramchandra",LJSP,Rosera -SC (Bihar )
333,"Paswan,Shri Ram Vilas",LJSP,Hajipur -SC (Bihar )
334,"Paswan,Shri Sukdeo",BJP,Araria -SC (Bihar )
335,"Patasani,Dr. (Prof.) Prasanna Kumar",BJD,Bhubaneswar (Odisha )
336,"Patel,Shri Dahya Bhai V.",INC,Daman and Diu (Daman and Diu )
337,"Patel,Shri Jivabhai Ambalal",INC,Mehesana (Gujarat )
338,"Patel,Shri Kishanbhai Vestabhai",INC,Bulsar -ST (Gujarat )
339,"Patel,Shri Harilal Madhavjibhai",BJP,Porbandar (Gujarat )
340,"Patel,Shri Dinsha J.",INC,Kaira (Gujarat )
341,"Patel,Shri Somabhai Gandalal Koli",BJP,Surendranagar (Gujarat )
342,"Pateriya,Smt. Neeta",BJP,Seoni (Madhya Pradesh )
343,"Pathak,Shri Harin",BJP,Ahmedabad (Gujarat )
344,"Pathak,Shri Brajesh",BSP,Unnao (Uttar Pradesh )
345,"Patil,Shri Prakash V.",INC,Sangli (Maharashtra )
346,"Patil,Shri Laxman Rao Pandurang",NCP,Satara (Maharashtra )
347,"Patil,Shri Digamber Bapuji",BJP,Nanded (Maharashtra )
348,"Patil,Smt. Rupatai Diliprao Nilangekar",BJP,Latur (Maharashtra )
349,"Patil,Smt. Suryakanta",NCP,Hingoli (Maharashtra )
350,"Patil,Shri Shriniwas Dadasaheb",NCP,Karad (Maharashtra )
351,"Patil,Shri Balasaheb Vikhe",INC,Kopargaon (Maharashtra )
352,"Patil,Shri Anna Saheb M.K.",BJP,Erandol (Maharashtra )
353,"Patil,Shri Pratik Prakashbapu",INC,Sangli (Maharashtra )
354,"Patil,Shri Jaisingrao Gaikwad",NCP,Beed (Maharashtra )
355,"Patil,Shri Basangouda",BJP,Bijapur (Karnataka )
356,"Patle,Shri Shishupal Natthu",BJP,Bhandara (Maharashtra )
357,"Paul,Dr. Sebastian",Ind.,Ernakulam (Kerala )
358,"Pawar,Shri Sharad Chandra Govindrao",NCP,Baramati (Maharashtra )
359,"Pilot,Shri Sachin",INC,Dausa (Rajasthan )
360,"Pingle,Shri Devidas Anandrao",NCP,Nashik (Maharashtra )
361,"Ponnuswamy,Shri Mohan",CPI(M),Madurai (Tamil Nadu )
362,"Ponnuswamy,Shri E.",PMK,Chidambaram -SC (Tamil Nadu )
363,"Potai,Shri Sohan",BJP,Kanker -ST (Chhattisgarh )
364,"Prabhu,Shri R.",INC,Nilgiris (Tamil Nadu )
365,"Prabhu,Shri Suresh Prabhakar",SS,Rajapur (Maharashtra )
366,"Pradhan,Shri Dharmendra",BJP,Deogarh (Odisha )
367,"Pradhan,Shri Prasanta",CPI(M),Contai (West Bengal )
368,"Pradhan,Shri Ashok Kumar",BJP,Khurja -SC (Uttar Pradesh )
369,"Prasad,Shri Hari Kewal",SP,Salempur (Uttar Pradesh )
370,"Prasad,Shri Lal Mani",BSP,Basti -SC (Uttar Pradesh )
371,"Prasad,Shri Ramswaroop",JD(U),Nalanda (Bihar )
372,"Prasada,Shri Jitin",INC,Shahjahanpur (Uttar Pradesh )
373,"Purandeswari,Smt. Daggubati",INC,Bapatla (Andhra Pradesh )
374,"Radhakrishnan,Shri Varkala",CPI(M),Chirayinkil (Kerala )
375,"Rai,Shri Nakul Das",SDF,Sikkim (Sikkim )
376,"Rajbhar,Shri Chandra Dev Prasad",SP,Ghosi (Uttar Pradesh )
377,"Rajendran,Shri P.",CPI(M),Quilon (Kerala )
378,"Raju ,Dr. M. Mangapati Pallam",INC,Kakinada (Andhra Pradesh )
379,"Ram,Shri Ghuran",RJD,Palamu -SC (Jharkhand )
380,"Ramachandran,Shri Gingee N",MDMK,Vandavasi (Tamil Nadu )
381,"Ramadass,Prof. M",PMK,Pondicherry (Pondicherry )
382,"Ramchandra Veerappa,Shri",BJP,Bidar -SC (Karnataka )
383,"Rana,Shri Gurjeet Singh",INC,Jullundur (Punjab )
384,"Rana ,Shri Rajendrasinh (Raju Rana)",BJP,Bhavnagar (Gujarat )
385,"Rana,Shri Kashi Ram",BJP,Surat (Gujarat )
386,"Rana,Shri Rabindra Kumar",RJD,Khagaria (Bihar )
387,"Rani,Smt. K.",INC,Rasipuram -SC (Tamil Nadu )
388,"Ranjan,Smt. Ranjeet",LJSP,Saharsa (Bihar )
389,"Ranjan (Pappu Yadav),Shri Rajesh",RJD,Madhepura (Bihar )
390,"Rao,Shri Devarakonda Vittal",INC,Mahabubnagar (Andhra Pradesh )
391,"Rao,Dr. Kavuri Samba Siva",INC,Eluru (Andhra Pradesh )
392,"Rao,Shri Rayapati Sambasiva",INC,Guntur (Andhra Pradesh )
393,"Rao,Shri Errabelli Dayakar",TDP,Warangal (Andhra Pradesh )
394,"Rao,Shri Kalvakuntla Chandrashekar",TRS,
395,"Rao, Inderjit Singh,",INC,Mahendergarh (Haryana )
396,"Rathod,Shri Harisingh Nasaru",BJP,Yavatmal (Maharashtra )
397,"Rathwa,Shri Naranbhai J.",INC,Chhota Udaipur -ST (Gujarat )
398,"Ravindran,Shri Pannian",CPI,Trivandrum (Kerala )
399,"Rawale,Shri Mohan",SS,Mumbai-South-Central (Maharashtra )
400,"Rawat,Shri Ashok Kumar",BSP,Misrikh -SC (Uttar Pradesh )
401,"Rawat,Prof. Rasa Singh",BJP,Ajmer (Rajasthan )
402,"Rawat,Shri Dhan Singh",BJP,Banswara -ST (Rajasthan )
403,"Rawat,Shri Kamla Prasad",BSP,Barabanki -SC (Uttar Pradesh )
404,"Rawat,Shri Bachi Singh",BJP,Almora (Uttarakhand )
405,"Rawat, PVSM, VSM, Lt. Gen. (Retd.), TPS",BJP,Garhwal (Uttarakhand )
406,"Reddy,Shri Y.S. Vivekananda",INC,Cuddapah (Andhra Pradesh )
407,"Reddy,Shri Suravaram Sudhakar",CPI,Nalgonda (Andhra Pradesh )
408,"Reddy,Shri Allola Indrakaran",INC,Adilabad (Andhra Pradesh )
409,"Reddy,Shri T. Madhusudan",TRS,Adilabad (Andhra Pradesh )
410,"Reddy,Shri Jaipal Sudini",INC,Miryalguda (Andhra Pradesh )
411,"Reddy,Shri Mekapati Rajamohan",INC,Narasaraopet (Andhra Pradesh )
412,"Reddy,Shri Magunta Sreenivasulu",INC,Ongole (Andhra Pradesh )
413,"Reddy,Shri S.P.Y.",INC,Nandyal (Andhra Pradesh )
414,"Reddy,Shri Kotla Jaya Surya Prakash",INC,Kurnool (Andhra Pradesh )
415,"Reddy,Shri Anantha Venkatarami",INC,Anantapur (Andhra Pradesh )
416,"Reddy,Shri Karunakara G.",BJP,Bellary (Karnataka )
417,"Regupathy,Shri Sevugan",DMK,Pudukkottai (Tamil Nadu )
418,"Renge Patil,Shri Tukaram Ganpatrao",SS,Parbhani (Maharashtra )
419,"Rijiju,Shri Kiren",BJP,Arunachal West (Arunachal Pradesh )
420,"Riyan,Shri Baju Ban",CPI(M),Tripura East -ST (Tripura )
421,"Sahai,Shri Subodh Kant",INC,Ranchi (Jharkhand )
422,"Sahu,Shri Tarachand",BJP,Durg (Chhattisgarh )
423,"Sahu,Shri Chandra Sekhar",INC,Berhampur (Odisha )
424,"Sai,Shri Nand Kumar",BJP,Surguja -ST (Chhattisgarh )
425,"Sai,Shri Vishnu Deo",BJP,Raigarh -ST (Chhattisgarh )
426,"Sajjan Kumar,Shri",INC,Outer Delhi (NCT of Delhi )
427,"Salim,Shri Mohammad",CPI(M),Calcutta North East (West Bengal )
428,"Sangliana,Shri H.T.",BJP,Bangalore North (Karnataka )
429,"Sangma,Shri Purno Agitok",NCP,Tura (Meghalaya )
430,"Sangma,Smt. Agatha K.",NCP,Tura (Meghalaya )
431,"Sangwan,Shri Kishan Singh",BJP,Sonipat (Haryana )
432,"Sar,Shri Nikhilananda",CPI(M),Burdwan (West Bengal )
433,"Saradgi,Shri Iqbal Ahmed",INC,Gulbarga (Karnataka )
434,"Sardinha,Shri Francisco Cosme",INC,Mormugao (Goa )
435,"Sarma,Dr. Arun Kumar",AGP,Lakhimpur (Assam )
436,"Saroj,Shri Daroga Prasad",SP,Lalganj -SC (Uttar Pradesh )
437,"Saroj,Shri Tufani",SP,Saidpur -SC (Uttar Pradesh )
438,"Sarvey,Shri Sathyanarayana",INC,Siddipet -SC (Andhra Pradesh )
439,"Satheedevi,Smt. P.",CPI(M),Badagara (Kerala )
440,"Satpathy,Shri Tathagata",BJD,Dhenkanal (Odisha )
441,"Sayda,Smt. Rubab",SP,Bahraich (Uttar Pradesh )
442,"Scindia,Smt. Yashodhara Raje",BJP,Gwalior (Madhya Pradesh )
443,"Scindia,Shri Jyotiraditya Madhavrao",INC,Guna (Madhya Pradesh )
444,"Seal,Shri Sudhangshu",CPI(M),Calcutta North West (West Bengal )
445,"Selja,Kumari",INC,Ambala -SC (Haryana )
446,"Selvi,Smt. V. Radhika",DMK,Tiruchendur (Tamil Nadu )
447,"Sen,Smt. Minati",CPI(M),Jalpaiguri (West Bengal )
448,"Senthil,Dr. Raman",PMK,Dharmapuri (Tamil Nadu )
449,"Seth,Shri Lakshman Chandra",CPI(M),Tamluk (West Bengal )
450,"Sethi,Shri Arjun Charan",BJD,Bhadrak -SC (Odisha )
451,"Shah,Lt. Col.(Retd) Maharaja Manabendra",BJP,Tehri Garhwal (Uttarakhand )
452,"Shahabuddin,Dr. Mohammed",RJD,Siwan (Bihar )
453,"Shaheen,Shri Abdul Rashid",J&KNC,Baramulla (Jammu and Kashmir )
454,"Shahid,Shri Mohammed",BSP,Meerut (Uttar Pradesh )
455,"Shakya,Shri Raghuraj Singh",SP,Etawah (Uttar Pradesh )
456,"Shandil,Dr. (Col.) Dhani Ram",INC,Shimla -SC (Himachal Pradesh )
457,"Sharma,Dr. Arvind Kumar",INC,Karnal (Haryana )
458,"Sharma,Shri Madan Lal",INC,Jammu (Jammu and Kashmir )
459,"Shekhar,Shri Neeraj",SP,Ballia (Uttar Pradesh )
460,"Shervani,Shri Saleem Iqbal",SP,Budaun (Uttar Pradesh )
461,"Shingada,Shri Damodar Barku",INC,Dahanu -ST (Maharashtra )
462,"Shivanna,Shri M",JD(S),Chamrajanagar -SC (Karnataka )
463,"Shiwankar,Shri Maha Deo Rao",BJP,Chimur (Maharashtra )
464,"Shukla,Smt. Karuna",BJP,Janjgir (Chhattisgarh )
465,"Sibal,Shri Kapil",INC,Chandni Chowk (NCT of Delhi )
466,"Siddeshwara,Shri Gowdar Mallikarjunappa",BJP,Davanagere (Karnataka )
467,"Sidhu,Shri Navjot Singh",BJP,
468,"Sikdar,Smt. Joytirmoyee",CPI(M),Krishnanagar (West Bengal )
469,"Singh,Chaudhary Lal",INC,Udhampur (Jammu and Kashmir )
470,"Singh,Shri Devwrat",INC,Rajnandgaon (Chhattisgarh )
471,"Singh,Smt. Kanti",RJD,Arrah (Bihar )
472,"Singh,Shri Rajiv Ranjan (Lalan)",JD(U),Begusarai (Bihar )
473,"Singh,Smt. Meena",JD(U),Bikramganj (Bihar )
474,"Singh,Shri Uday",BJP,Purnia (Bihar )
475,"Singh,Dr. Raghuvansh Prasad",RJD,Vaishali (Bihar )
476,"Singh,Smt. Pratibha",INC,Mandi (Himachal Pradesh )
477,"Singh,Shri Akshay Pratap",SP,Pratapgarh (Uttar Pradesh )
478,"Singh,Shri Kunwar Sarvraj",JD(U),Aonla (Uttar Pradesh )
479,"Singh,Shri Mohan",SP,Deoria (Uttar Pradesh )
480,"Singh,Shri Chandra Bhushan",SP,Farrukhabad (Uttar Pradesh )
481,"Singh,Shri Kirti Vardhan",SP,Gonda (Uttar Pradesh )
482,"Singh,Dr. Ajit Kumar",JD(U),Bikramganj (Bihar )
483,"Singh,Shri Ganesh Prasad",RJD,Jahanabad (Bihar )
484,"Singh,Dr. Akhilesh Prasad",RJD,Motihari (Bihar )
485,"Singh,Shri Sitaram",RJD,Sheohar (Bihar )
486,"Singh,Shri Prabhunath",JD(U),Maharajganj (Bihar )
487,"Singh,Shri Suraj",LJSP,Balia (Bihar )
488,"Singh,Shri Vishvendra",BJP,Bharatpur (Rajasthan )
489,"Singh,Shri Vijayendra Pal",BJP,Bhilwara (Rajasthan )
490,"Singh,Shri Manvendra",BJP,Barmer (Rajasthan )
491,"Singh,Shri Dushyant",BJP,Jhalawar (Rajasthan )
492,"Singh,Shri Bijendra",INC,Aligarh (Uttar Pradesh )
493,"Singh,Shri Ganesh",BJP,Satna (Madhya Pradesh )
494,"Singh,Shri Rakesh",BJP,Jabalpur (Madhya Pradesh )
495,"Singh,Shri Sugrib",BJD,Phulbani -SC (Odisha )
496,"Singh,Baba Saheb Chandra Pratap",BJP,Sidhi -ST (Madhya Pradesh )
497,"Singh,Shri Manik",INC,Sidhi -ST (Madhya Pradesh )
498,"Singh,Dr. Ram Lakhan",BJP,Bhind (Madhya Pradesh )
499,"Singh,Shri Ramsevak (Babuji)",INC,Gwalior (Madhya Pradesh )
500,"Singh,Shri Chandrabhan Bhaiya",BJP,Damoh (Madhya Pradesh )
501,"Singh,Shri Rampal",BJP,Vidisha (Madhya Pradesh )
502,"Singh,Shri Lakshman",BJP,Rajgarh (Madhya Pradesh )
503,"Singh,Shri Ajit",RLD,Baghpat (Uttar Pradesh )
504,"Singh,Kunwar Rewati Raman",SP,Allahabad (Uttar Pradesh )
505,"Singh,Shri Brijbhushan Sharan",BJP,Balrampur (Uttar Pradesh )
506,"Singh,Shri Kalyan",BJP,Bulandshahr (Uttar Pradesh )
507,"Singh Deo,Smt. Sangeeta Kumari",BJP,Bolangir (Odisha )
508,"Sippiparai,Shri A. Ravichandran",MDMK,Sivakasi (Tamil Nadu )
509,"Solanki,Shri Bharatsinh Madhavsinh",INC,Anand (Gujarat )
510,"Solanki,Shri Bhupendrasinh Prabhatsinh",BJP,Godhra (Gujarat )
511,"Sonowal,Shri Sarbananda",AGP,Dibrugarh (Assam )
512,"Soren,Shri Shibu",JMM,Dumka -ST (Jharkhand )
513,"Srikantappa,Shri D.C.",BJP,Chikmagalur (Karnataka )
514,"Subba,Shri Moni Kumar",INC,Tezpur (Assam )
515,"Subbarayan,Shri K.",CPI,Coimbatore (Tamil Nadu )
516,"Sugavanam,Shri E.G.",DMK,Krisnagiri (Tamil Nadu )
517,"Sujatha,Smt. C.S.",CPI(M),Mavelikkara (Kerala )
518,"Suklabaidya,Shri Lalit Mohan",INC,Karimganj -SC (Assam )
519,"Suman,Shri Ramji Lal",SP,Firozabad -SC (Uttar Pradesh )
520,"Sumbrui,Shri Bagun",INC,Singhbhum -ST (Jharkhand )
521,"Sumitra Mahajan (Tai),",BJP,Indore (Madhya Pradesh )
522,"Surendran,Shri Chengara",CPI,Adoor -SC (Kerala )
523,"Suryawanshi,Shri Narsing Hulla",INC,Bidar -SC (Karnataka )
524,"Swain,Shri Hari Har",BJD,Aska (Odisha )
525,"Swain,Shri M.A. Kharabela",BJP,Balasore (Odisha )
526,"Taslim Uddin,Shri",RJD,Kishanganj (Bihar )
527,"Thakkar,Smt. Jayaben B.",BJP,Baroda (Gujarat )
528,"Thakur,Shri Anurag Singh",BJP,Hamirpur (Himachal Pradesh )
529,"Thangka Balu,Shri K.V.",INC,Salem (Tamil Nadu )
530,"Thomas,Shri P.C.",KEC,Muvattupuzha (Kerala )
531,"Thummar,Shri Virjibhai",INC,Amreli (Gujarat )
532,"Tirath,Smt. Krishna",INC,Karol Bagh -SC (NCT of Delhi )
533,"Tiwari ,Shri Bhismshankar Alias Kushal",BSP,Khalilabad (Uttar Pradesh )
534,"Topdar,Shri Tarit Baran",CPI(M),Barrackpur (West Bengal )
535,"Tripathi,Shri Chandramani",BJP,Rewa (Madhya Pradesh )
536,"Tripathy,Shri Braja Kishore",BJD,Puri (Odisha )
537,"Tytler,Shri Jagdish",INC,Delhi Sadar (NCT of Delhi )
538,"Vaghela,Shri Shankersinh",INC,Kapadvanj (Gujarat )
539,"Vajpayee,Shri Atal Bihari",BJP,Lucknow (Uttar Pradesh )
540,"Vallabbhaneni,Shri Balashowry",INC,Tenali (Andhra Pradesh )
541,"Vanlalzawma,Shri",MNF,Mizoram -ST (Mizoram )
542,"Varma,Shri Ratilal Kalidas",BJP,Dhandhuka -SC (Gujarat )
543,"Vasava,Shri Mansukhbhai Dhanjibhai",BJP,Broach (Gujarat )
544,"Veerendra Kumar,Shri M.P.",JD(S),Calicut (Kerala )
545,"Velu,Shri Rangasamy",PMK,Arakkonam (Tamil Nadu )
546,"Venkatapathy,Shri Kannusamy",DMK,Cuddalore (Tamil Nadu )
547,"Venkatswamy,Shri G.",INC,Peddapalle -SC (Andhra Pradesh )
548,"Venugopal,Thiru Danapal",DMK,Tiruppattur (Tamil Nadu )
549,"Verma,Shri Bhanu Pratap Singh",BJP,Jalaun -SC (Uttar Pradesh )
550,"Verma,Shri Ravi Prakash",SP,Kheri (Uttar Pradesh )
551,"Verma,Shri Rajesh",BSP,Sitapur (Uttar Pradesh )
552,"Verma,Smt. Usha",SP,Hardoi -SC (Uttar Pradesh )
553,"Verma,Shri Beni Prasad",SP,Kaiserganj (Uttar Pradesh )
554,"Vijay Krishna,Shri",RJD,Barh (Bihar )
555,"Vijayan,Shri A.K.S.",DMK,Nagapattinam -SC (Tamil Nadu )
556,"Vijayashankar,Shri C.H.",BJP,Mysore (Karnataka )
557,"Virupakshappa,Shri K.",INC,Koppal (Karnataka )
558,"Vundavalli,Shri Aruna Kumar",INC,Rajahmundry (Andhra Pradesh )
559,"Wagmare,Shri Suresh Ganpatrao",BJP,Wardha (Maharashtra )
560,"Warsi,Shri Anil Shukla",BSP,Bilhaur (Uttar Pradesh )
561,"Yadav,Shri Kailash Nath Singh",BSP,Chandauli (Uttar Pradesh )
562,"Yadav,Prof. Ram Gopal",SP,Sambhal (Uttar Pradesh )
563,"Yadav,Shri Baleshwar",NLP,Padrauna (Uttar Pradesh )
564,"Yadav,Shri Umakant",BSP,Machhlishahr (Uttar Pradesh )
565,"Yadav,Shri Parasnath",SP,Jaunpur (Uttar Pradesh )
566,"Yadav,Shri Chandrapal Singh",SP,Jhansi (Uttar Pradesh )
567,"Yadav,Shri Mitrasen",BSP,Faizabad (Uttar Pradesh )
568,"Yadav,Dr. Kunwar Devendra Singh",SP,Etah (Uttar Pradesh )
569,"Yadav,Shri Giridhari",RJD,Banka (Bihar )
570,"Yadav,Shri Jay Prakash Narayan",RJD,Monghyr (Bihar )
571,"Yadav,Shri Sita Ram",RJD,Sitamarhi (Bihar )
572,"Yadav,Shri Ram Kripal",RJD,Patna (Bihar )
573,"Yadav,Shri Devendra Prasad",RJD,Jhanjharpur (Bihar )
574,"Yadav,Shri Anirudh Prasad (Sadhu)",RJD,Gopalganj (Bihar )
575,"Yadav,Shri Bhal Chandra",BSP,Khalilabad (Uttar Pradesh )
576,"Yadav,Shri Arun Subhashchandra",INC,Khargone (Madhya Pradesh )
577,"Yadav,Shri Dharmendra",SP,Mainpuri (Uttar Pradesh )
578,"Yadav,Shri Ramakant",BSP,Azamgarh (Uttar Pradesh )
579,"Yadav,Shri Mulayam Singh",SP,Mainpuri (Uttar Pradesh )
580,"Yadav,Shri Akhilesh",SP,Kannauj (Uttar Pradesh )
581,"Yadav,Shri M. Anjan Kumar",INC,Secunderabad (Andhra Pradesh )
582,"Yadav,Dr. Karan Singh",INC,Alwar (Rajasthan )
583,"Yaskhi,Shri Madhu Goud",INC,Nizamabad (Andhra Pradesh )
584,"Yerrannaidu,Shri Kinjarapu",TDP,Srikakulam (Andhra Pradesh )
585,"Zahedi,Shri Mahboob",CPI(M),Katwa (West Bengal )
